USE Escola;

INSERT INTO Aluno
	(nr_de_aluno,nome,idade,media,email,idEscola,idTurma)
    VALUES
		(3,"Marcelo Alexandre Matos Fonseca Lima",16,9.5,"marceloLima@aejc.com","A",1),
        (4,"Eduardo Semanas Oliveira Araújo",15,11,"eduHard4@aejc.com","B",4),
        (9,"Bruno Miguel de Sousa Cancelinha",16,20,"cancelinha9@aejc.com","C",7),
		(16,"Ricardo Jorge Barroso Certo",16,13.2,"rjbc@aejc.com","A",2),
        (17,"Bruno Filipe da Silva Ferreira",15,13.6,"brunoFerreira@aejc.com","B",5),
        (19,"Ricardo Manuel Cerineu Canela",16,10,"ricardo19@aejc.com","C",8),
		(30,"Filipe Vieira Fortunato",16,10.5,"filipeForunato@aejc.com","A",3),
        (32,"José Diogo Paiva Bastos",15,16,"jbasto@aejc.com","B",6),
		(36,"Inês Marques Sampaio",15,18,"marques@aejc.com","C",7),
        (37,"João Pedro Lima Cardoso Leal",16,12,"jpC@aejc.com","A",1),
        (39,"Guilherme Vasconcelos da Silva Guerreiro",15,14.5,"gui@aejc.com","B",4),
        (52,"Pedro Manuel Barbosa de Almeida",16,13.8,"almeida@aejc.com","C",8),
        (63,"José António Dantas Silva", 15,16,"zeTone63@aejc.com","A",2),
        (68,"Manuel João Monteiro",16,13.4,"donatelo@aejc.com","B",5),
        (85,"Júlio Dinis Sá Peixoto",15,12.4,"juliosPeixoto@aejc.com","C",7),
        (87,"Sara Alexandra Da Silva Pereira",15,16.2,"saraAlex87@aejc.com","A",3),
        (88,"Marco Matias Pereira Gonçalves",16,19,"marco88@aejc.com","B",6),
        (105,"Renato Jorge Cruzinha da Silva",15,13,"renatoSilva@aejc.com","C",8),
        (120,"Rui Filipe Silva Vieira",16,16.4,"ruiVieira@aejc.com","A",1),
		(122,"Adriana da Santa Guedes",15,17,"candace@aejc.com","B",4),
        (128,"Adriana Margarida Martins Gonçalves",15,16.1,"adriana@aejc.com","C",7),
        (136,"Pedro Melo Rocha",17,12.9,"rocha@aejc.com","A",2),
        (6,"António Alexandre Moreira Lopes", 15, 14.6,"tvi@aejc.com","B",5),
        (8,"Ricardo Ribeiro Pereira",16,12.6,"blastoise@aejc.com","C",8),
        (11,"Tiago João Fernandes Baptista",17,10.2,"tijofeba@aejc.com","A",3),
        (31,"Marco Aurélio Salsa Barbosa",16,13.2,"marcosalsa@aejc.com","B",6),
        (33,"Ricardo António Gonçalves Pereira",16,18.4,"zagueiro@aejc.com","C",7),
        (35,"João André Ferreira Aleixo", 15,14.9,"aleixojoao@aejc.com","A",1),
        (38,"André Almeida Gonçalves",17,12.8,"andresimbs@aejc.com","B",4),
        (42,"João António Cidade Vieira",17,15.6,"joaocidade42@aejc.com","C",8),
        (45,"João Paulo Mourão Cabo",15,14.8,"joaoskywalker@aejc.com","A",2),
        (53,"Bernardo Miguel Teixeira Dias Viseu de Carvalho",16,11.8,"bernardoatlantico@aejc.com","B",5),
        (55,"Diogo Filipe Lopes Soares",15,11.7,"diogosoares@aejc.com","C",7),
        (59,"Fernando Manuel de Araújo Pereira",16,9.7,"videirinha@aejc.com","A",3),
        (102,"Ricardo Guerra Leal",16,10.2,"ricardoleal@aejc.com","B",6),
        (107,"Nuno Bulhões Melo",17,10.7,"castelinhos@aejc.com","C",8),
        (123,"Guilherme José Silva Fontes",16,12.3,"everest123@aejc.com","A",1),
        (127,"José Carlos do Vale Sousa",15,12.7,"pirocarlos@aejc.com","B",4),
        (129,"Frederico Daniel Pereira Pinto",16,12.9,"fredaniel@aejc.com","C",7),
        (133,"André Filipe Araújo Pereira de Sousa",15,13.3,"counter-t@aejc.com","A",2),
        (140,"Marcelo António Caridade Miranda",17,14.0,"chosen1@aejc.com","B",5),
        (5,"André Miguel Raposo Fonseca",16,15.0,"ofonseca@aejc.com","C",8),
        (12,"Artur Bernardo da Silva Ribeiro",16,12.0,"arturcigano@aejc.com","A",3),
        (14,"Davide da Silva Matos",15,14.0,"arisgrooteles@aejc.com","B",6),
        (24,"Pedro Rafael Bernardo Medeiros",17,17.5,"pedormed@aejc.com","C",7),
        (25,"Nuno Ricardo Araújo Silva",18,15.2,"nunopedreiro@aejc.com","A",1),
        (27,"João Duarte Vila Verde Silva",15,12.7,"joaodvvs@aejc.com","B",4),
        (47,"Shahzod Yusupov",16,14.7,"obalboa@aejc.com","C",8),
        (51,"Alexandre de Freitas Ferreira Pacheco",15,15.1,"alexpayeco@aejc.com","A",2),
        (54,"Diogo José Cruz Sobral",16,15.4,"diogoferrero@aejc.com","B",5),
        (62,"José Pedro Pinto,",17,16.2,"coladix@aejc.com","A",3),
        (80,"Adriana Henriques Esteves Meireles",17,18.0,"drimeireles@aejc.com","B",6),
        (81,"Helena Poças Martins",16,18.1,"hpmartins@aejc.com","A",1),
        (90,"Pedro Miguel Marques Freitas",16,19.0,"putosardz@aejc.com","B",5),
        (99,"Pedro Mendes Pinto",15,17.1,"gininhas@aejc.com","A",3),
        (124,"Francisco Jose Alves Laço",16,"xicofontes@aejc.com","B",6),
        
        
	;
    
INSERT INTO Docente
	(idDocente,nr_de_Contribuinte,nome,idEscola)
    VALUES
		("P1",532467321,"Maria Quintas Barros","A"),
        ("P2",235890472,"Francisco Correia Franco","A"),
        ("P3",173902700,"Ana Teresa Gião Gomes","A"),
        ("P4",356287111,"Maria Beatriz Araujo Lacerda","B"),
        ("P5",801382566,"Luis Enes Sousa","B"),
        ("P6",290172543,"Luis Carlos Salazar Martins","B"),
        ("P7",310200111,"André Carvalho da Cunha Martins","C"),
        ("P8",128356011,"André Gonçalves Vieira","C"),
        ("P9",574123456,"João Figueiredo Peixe Santos","C")
	;
    
INSERT INTO Turma
	(N_Turma,N_Alunos,ID_Diretor,IDEscola)
    VALUES
		(1,7,"P1","A"),
        (2,6,"P2","A"),...
        (3,7,"P3","A"),
        (4,6,"P4","B"),...
        (5,7,"P5","B"),
        (6,7,"P6","B"),
        (7,8,"P7","C"),...
        (8,8,"P9","C")...
	;
    
INSERT INTO Escola
	(idEscola, Rua, codPostal, Telemovel)
    VALUES
		("A", "Rua Dona Adelaide", 9650, 294586312),
        ("B", "Rua 25 de Abril", 2845, 236541258),
        ("C", "Rua do Raio Braga", 2654, 298456321)
	;
    
        
        
        
        
      
        
        
        
        
        
        
        